<?xml version="1.0" encoding="UTF-8"?>
<!-- Product Version: Vivado v2018.3.1 (64-bit)                   -->
<!--                                                              -->
<!-- Copyright 1986-2019 Xilinx, Inc. All Rights Reserved.        -->

<hwsession version="1" minor="2">
  <device name="xc7a100t_0" gui_info="dashboard1=hw_ila_1[xc7a100t_0/hw_ila_1/Settings=ILA_SETTINGS_1;xc7a100t_0/hw_ila_1/Trigger Setup=ILA_TRIGGER_1;xc7a100t_0/hw_ila_1/Capture Setup=ILA_CAPTURE_1;xc7a100t_0/hw_ila_1/Status=ILA_STATUS_1;xc7a100t_0/hw_ila_1/Waveform=ILA_WAVE_1;]"/>
  <ObjectList object_type="hw_device" gui_info="">
    <Object name="xc7a100t_0" gui_info="">
      <Properties Property="FULL_PROBES.FILE" value="$_project_name_.runs/impl_1/server_wrapper.ltx"/>
      <Properties Property="PROBES.FILE" value="$_project_name_.runs/impl_1/server_wrapper.ltx"/>
      <Properties Property="PROGRAM.HW_BITSTREAM" value="$_project_name_.runs/impl_1/server_wrapper.bit"/>
      <Properties Property="SLR.COUNT" value="1"/>
    </Object>
  </ObjectList>
  <ObjectList object_type="hw_ila" gui_info="">
    <Object name="server_i/ila_0" gui_info="">
      <Properties Property="CONTROL.TRIGGER_CONDITION" value="AND"/>
      <Properties Property="CORE_REFRESH_RATE_MS" value="500"/>
    </Object>
  </ObjectList>
  <ObjectList object_type="hw_probe" gui_info="">
    <Object name="server_i/microblaze_0_axi_periph_M02_AXI_RREADY" gui_info="Trigger Setup=1"/>
    <Object name="server_i/microblaze_0_axi_periph_M02_AXI_RVALID" gui_info="Trigger Setup=0"/>
    <Object name="server_i/microblaze_0_axi_periph_M02_AXI_WREADY" gui_info=""/>
    <Object name="server_i/microblaze_0_axi_periph_M02_AXI_WVALID" gui_info=""/>
  </ObjectList>
  <probeset name="hw project" active="false">
    <probe type="ila" busType="bus" source="netlist" spec="ILA_V2_RT">
      <probeOptions Id="DebugProbeParams">
        <Option Id="CAPTURE_COMPARE_VALUE" value="eq13&apos;hXXXX"/>
        <Option Id="COMPARE_VALUE.0" value="eq13&apos;hXXXX"/>
        <Option Id="DISPLAY_AS_ENUM" value="1"/>
        <Option Id="DISPLAY_HINT" value=""/>
        <Option Id="DISPLAY_RADIX" value="HEX"/>
        <Option Id="DISPLAY_VISIBILITY" value=""/>
        <Option Id="HW_ILA" value="hw_ila_1"/>
        <Option Id="LINK_TO_WAVEFORM" value="1"/>
        <Option Id="MAP" value="probe5[12:0]"/>
        <Option Id="NAME.CUSTOM" value=""/>
        <Option Id="NAME.SELECT" value="Long"/>
        <Option Id="SOURCE" value="netlist"/>
        <Option Id="TRIGGER_COMPARE_VALUE" value="eq13&apos;hXXXX"/>
        <Option Id="WAVEFORM_STYLE" value="Digital"/>
      </probeOptions>
      <nets>
        <net name="server_i/microblaze_0_axi_periph_M02_AXI_ARADDR[12]"/>
        <net name="server_i/microblaze_0_axi_periph_M02_AXI_ARADDR[11]"/>
        <net name="server_i/microblaze_0_axi_periph_M02_AXI_ARADDR[10]"/>
        <net name="server_i/microblaze_0_axi_periph_M02_AXI_ARADDR[9]"/>
        <net name="server_i/microblaze_0_axi_periph_M02_AXI_ARADDR[8]"/>
        <net name="server_i/microblaze_0_axi_periph_M02_AXI_ARADDR[7]"/>
        <net name="server_i/microblaze_0_axi_periph_M02_AXI_ARADDR[6]"/>
        <net name="server_i/microblaze_0_axi_periph_M02_AXI_ARADDR[5]"/>
        <net name="server_i/microblaze_0_axi_periph_M02_AXI_ARADDR[4]"/>
        <net name="server_i/microblaze_0_axi_periph_M02_AXI_ARADDR[3]"/>
        <net name="server_i/microblaze_0_axi_periph_M02_AXI_ARADDR[2]"/>
        <net name="server_i/microblaze_0_axi_periph_M02_AXI_ARADDR[1]"/>
        <net name="server_i/microblaze_0_axi_periph_M02_AXI_ARADDR[0]"/>
      </nets>
    </probe>
    <probe type="ila" busType="bus" source="netlist" spec="ILA_V2_RT">
      <probeOptions Id="DebugProbeParams">
        <Option Id="CAPTURE_COMPARE_VALUE" value="eq3&apos;hX"/>
        <Option Id="COMPARE_VALUE.0" value="eq3&apos;hX"/>
        <Option Id="DISPLAY_AS_ENUM" value="1"/>
        <Option Id="DISPLAY_HINT" value=""/>
        <Option Id="DISPLAY_RADIX" value="HEX"/>
        <Option Id="DISPLAY_VISIBILITY" value=""/>
        <Option Id="HW_ILA" value="hw_ila_1"/>
        <Option Id="LINK_TO_WAVEFORM" value="1"/>
        <Option Id="MAP" value="probe17[2:0]"/>
        <Option Id="NAME.CUSTOM" value=""/>
        <Option Id="NAME.SELECT" value="Long"/>
        <Option Id="SOURCE" value="netlist"/>
        <Option Id="TRIGGER_COMPARE_VALUE" value="eq3&apos;hX"/>
        <Option Id="WAVEFORM_STYLE" value="Digital"/>
      </probeOptions>
      <nets>
        <net name="server_i/microblaze_0_axi_periph_M02_AXI_ARPROT[2]"/>
        <net name="server_i/microblaze_0_axi_periph_M02_AXI_ARPROT[1]"/>
        <net name="server_i/microblaze_0_axi_periph_M02_AXI_ARPROT[0]"/>
      </nets>
    </probe>
    <probe type="ila" busType="net" source="netlist" spec="ILA_V2_RT">
      <probeOptions Id="DebugProbeParams">
        <Option Id="CAPTURE_COMPARE_VALUE" value="eq1&apos;bX"/>
        <Option Id="COMPARE_VALUE.0" value="eq1&apos;bX"/>
        <Option Id="DISPLAY_AS_ENUM" value="1"/>
        <Option Id="DISPLAY_HINT" value=""/>
        <Option Id="DISPLAY_RADIX" value="HEX"/>
        <Option Id="DISPLAY_VISIBILITY" value=""/>
        <Option Id="HW_ILA" value="hw_ila_1"/>
        <Option Id="LINK_TO_WAVEFORM" value="1"/>
        <Option Id="MAP" value="probe9[0]"/>
        <Option Id="NAME.CUSTOM" value=""/>
        <Option Id="NAME.SELECT" value="Long"/>
        <Option Id="SOURCE" value="netlist"/>
        <Option Id="TRIGGER_COMPARE_VALUE" value="eq1&apos;bX"/>
        <Option Id="WAVEFORM_STYLE" value="Digital"/>
      </probeOptions>
      <nets>
        <net name="server_i/microblaze_0_axi_periph_M02_AXI_ARREADY"/>
      </nets>
    </probe>
    <probe type="ila" busType="net" source="netlist" spec="ILA_V2_RT">
      <probeOptions Id="DebugProbeParams">
        <Option Id="CAPTURE_COMPARE_VALUE" value="eq1&apos;bX"/>
        <Option Id="COMPARE_VALUE.0" value="eq1&apos;bX"/>
        <Option Id="DISPLAY_AS_ENUM" value="1"/>
        <Option Id="DISPLAY_HINT" value=""/>
        <Option Id="DISPLAY_RADIX" value="HEX"/>
        <Option Id="DISPLAY_VISIBILITY" value=""/>
        <Option Id="HW_ILA" value="hw_ila_1"/>
        <Option Id="LINK_TO_WAVEFORM" value="1"/>
        <Option Id="MAP" value="probe8[0]"/>
        <Option Id="NAME.CUSTOM" value=""/>
        <Option Id="NAME.SELECT" value="Long"/>
        <Option Id="SOURCE" value="netlist"/>
        <Option Id="TRIGGER_COMPARE_VALUE" value="eq1&apos;bX"/>
        <Option Id="WAVEFORM_STYLE" value="Digital"/>
      </probeOptions>
      <nets>
        <net name="server_i/microblaze_0_axi_periph_M02_AXI_ARVALID"/>
      </nets>
    </probe>
    <probe type="ila" busType="bus" source="netlist" spec="ILA_V2_RT">
      <probeOptions Id="DebugProbeParams">
        <Option Id="CAPTURE_COMPARE_VALUE" value="eq13&apos;hXXXX"/>
        <Option Id="COMPARE_VALUE.0" value="eq13&apos;hXXXX"/>
        <Option Id="DISPLAY_AS_ENUM" value="1"/>
        <Option Id="DISPLAY_HINT" value=""/>
        <Option Id="DISPLAY_RADIX" value="HEX"/>
        <Option Id="DISPLAY_VISIBILITY" value=""/>
        <Option Id="HW_ILA" value="hw_ila_1"/>
        <Option Id="LINK_TO_WAVEFORM" value="1"/>
        <Option Id="MAP" value="probe1[12:0]"/>
        <Option Id="NAME.CUSTOM" value=""/>
        <Option Id="NAME.SELECT" value="Long"/>
        <Option Id="SOURCE" value="netlist"/>
        <Option Id="TRIGGER_COMPARE_VALUE" value="eq13&apos;hXXXX"/>
        <Option Id="WAVEFORM_STYLE" value="Digital"/>
      </probeOptions>
      <nets>
        <net name="server_i/microblaze_0_axi_periph_M02_AXI_AWADDR[12]"/>
        <net name="server_i/microblaze_0_axi_periph_M02_AXI_AWADDR[11]"/>
        <net name="server_i/microblaze_0_axi_periph_M02_AXI_AWADDR[10]"/>
        <net name="server_i/microblaze_0_axi_periph_M02_AXI_AWADDR[9]"/>
        <net name="server_i/microblaze_0_axi_periph_M02_AXI_AWADDR[8]"/>
        <net name="server_i/microblaze_0_axi_periph_M02_AXI_AWADDR[7]"/>
        <net name="server_i/microblaze_0_axi_periph_M02_AXI_AWADDR[6]"/>
        <net name="server_i/microblaze_0_axi_periph_M02_AXI_AWADDR[5]"/>
        <net name="server_i/microblaze_0_axi_periph_M02_AXI_AWADDR[4]"/>
        <net name="server_i/microblaze_0_axi_periph_M02_AXI_AWADDR[3]"/>
        <net name="server_i/microblaze_0_axi_periph_M02_AXI_AWADDR[2]"/>
        <net name="server_i/microblaze_0_axi_periph_M02_AXI_AWADDR[1]"/>
        <net name="server_i/microblaze_0_axi_periph_M02_AXI_AWADDR[0]"/>
      </nets>
    </probe>
    <probe type="ila" busType="bus" source="netlist" spec="ILA_V2_RT">
      <probeOptions Id="DebugProbeParams">
        <Option Id="CAPTURE_COMPARE_VALUE" value="eq3&apos;hX"/>
        <Option Id="COMPARE_VALUE.0" value="eq3&apos;hX"/>
        <Option Id="DISPLAY_AS_ENUM" value="1"/>
        <Option Id="DISPLAY_HINT" value=""/>
        <Option Id="DISPLAY_RADIX" value="HEX"/>
        <Option Id="DISPLAY_VISIBILITY" value=""/>
        <Option Id="HW_ILA" value="hw_ila_1"/>
        <Option Id="LINK_TO_WAVEFORM" value="1"/>
        <Option Id="MAP" value="probe18[2:0]"/>
        <Option Id="NAME.CUSTOM" value=""/>
        <Option Id="NAME.SELECT" value="Long"/>
        <Option Id="SOURCE" value="netlist"/>
        <Option Id="TRIGGER_COMPARE_VALUE" value="eq3&apos;hX"/>
        <Option Id="WAVEFORM_STYLE" value="Digital"/>
      </probeOptions>
      <nets>
        <net name="server_i/microblaze_0_axi_periph_M02_AXI_AWPROT[2]"/>
        <net name="server_i/microblaze_0_axi_periph_M02_AXI_AWPROT[1]"/>
        <net name="server_i/microblaze_0_axi_periph_M02_AXI_AWPROT[0]"/>
      </nets>
    </probe>
    <probe type="ila" busType="net" source="netlist" spec="ILA_V2_RT">
      <probeOptions Id="DebugProbeParams">
        <Option Id="CAPTURE_COMPARE_VALUE" value="eq1&apos;bX"/>
        <Option Id="COMPARE_VALUE.0" value="eq1&apos;bX"/>
        <Option Id="DISPLAY_AS_ENUM" value="1"/>
        <Option Id="DISPLAY_HINT" value=""/>
        <Option Id="DISPLAY_RADIX" value="HEX"/>
        <Option Id="DISPLAY_VISIBILITY" value=""/>
        <Option Id="HW_ILA" value="hw_ila_1"/>
        <Option Id="LINK_TO_WAVEFORM" value="1"/>
        <Option Id="MAP" value="probe12[0]"/>
        <Option Id="NAME.CUSTOM" value=""/>
        <Option Id="NAME.SELECT" value="Long"/>
        <Option Id="SOURCE" value="netlist"/>
        <Option Id="TRIGGER_COMPARE_VALUE" value="eq1&apos;bX"/>
        <Option Id="WAVEFORM_STYLE" value="Digital"/>
      </probeOptions>
      <nets>
        <net name="server_i/microblaze_0_axi_periph_M02_AXI_AWREADY"/>
      </nets>
    </probe>
    <probe type="ila" busType="net" source="netlist" spec="ILA_V2_RT">
      <probeOptions Id="DebugProbeParams">
        <Option Id="CAPTURE_COMPARE_VALUE" value="eq1&apos;bX"/>
        <Option Id="COMPARE_VALUE.0" value="eq1&apos;bX"/>
        <Option Id="DISPLAY_AS_ENUM" value="1"/>
        <Option Id="DISPLAY_HINT" value=""/>
        <Option Id="DISPLAY_RADIX" value="HEX"/>
        <Option Id="DISPLAY_VISIBILITY" value=""/>
        <Option Id="HW_ILA" value="hw_ila_1"/>
        <Option Id="LINK_TO_WAVEFORM" value="1"/>
        <Option Id="MAP" value="probe11[0]"/>
        <Option Id="NAME.CUSTOM" value=""/>
        <Option Id="NAME.SELECT" value="Long"/>
        <Option Id="SOURCE" value="netlist"/>
        <Option Id="TRIGGER_COMPARE_VALUE" value="eq1&apos;bX"/>
        <Option Id="WAVEFORM_STYLE" value="Digital"/>
      </probeOptions>
      <nets>
        <net name="server_i/microblaze_0_axi_periph_M02_AXI_AWVALID"/>
      </nets>
    </probe>
    <probe type="ila" busType="net" source="netlist" spec="ILA_V2_RT">
      <probeOptions Id="DebugProbeParams">
        <Option Id="CAPTURE_COMPARE_VALUE" value="eq1&apos;bX"/>
        <Option Id="COMPARE_VALUE.0" value="eq1&apos;bX"/>
        <Option Id="DISPLAY_AS_ENUM" value="1"/>
        <Option Id="DISPLAY_HINT" value=""/>
        <Option Id="DISPLAY_RADIX" value="HEX"/>
        <Option Id="DISPLAY_VISIBILITY" value=""/>
        <Option Id="HW_ILA" value="hw_ila_1"/>
        <Option Id="LINK_TO_WAVEFORM" value="1"/>
        <Option Id="MAP" value="probe4[0]"/>
        <Option Id="NAME.CUSTOM" value=""/>
        <Option Id="NAME.SELECT" value="Long"/>
        <Option Id="SOURCE" value="netlist"/>
        <Option Id="TRIGGER_COMPARE_VALUE" value="eq1&apos;bX"/>
        <Option Id="WAVEFORM_STYLE" value="Digital"/>
      </probeOptions>
      <nets>
        <net name="server_i/microblaze_0_axi_periph_M02_AXI_BREADY"/>
      </nets>
    </probe>
    <probe type="ila" busType="bus" source="netlist" spec="ILA_V2_RT">
      <probeOptions Id="DebugProbeParams">
        <Option Id="CAPTURE_COMPARE_VALUE" value="eq2&apos;hX"/>
        <Option Id="COMPARE_VALUE.0" value="eq2&apos;hX"/>
        <Option Id="DISPLAY_AS_ENUM" value="1"/>
        <Option Id="DISPLAY_HINT" value=""/>
        <Option Id="DISPLAY_RADIX" value="HEX"/>
        <Option Id="DISPLAY_VISIBILITY" value=""/>
        <Option Id="HW_ILA" value="hw_ila_1"/>
        <Option Id="LINK_TO_WAVEFORM" value="1"/>
        <Option Id="MAP" value="probe2[1:0]"/>
        <Option Id="NAME.CUSTOM" value=""/>
        <Option Id="NAME.SELECT" value="Long"/>
        <Option Id="SOURCE" value="netlist"/>
        <Option Id="TRIGGER_COMPARE_VALUE" value="eq2&apos;hX"/>
        <Option Id="WAVEFORM_STYLE" value="Digital"/>
      </probeOptions>
      <nets>
        <net name="server_i/microblaze_0_axi_periph_M02_AXI_BRESP[1]"/>
        <net name="server_i/microblaze_0_axi_periph_M02_AXI_BRESP[0]"/>
      </nets>
    </probe>
    <probe type="ila" busType="net" source="netlist" spec="ILA_V2_RT">
      <probeOptions Id="DebugProbeParams">
        <Option Id="CAPTURE_COMPARE_VALUE" value="eq1&apos;bX"/>
        <Option Id="COMPARE_VALUE.0" value="eq1&apos;bX"/>
        <Option Id="DISPLAY_AS_ENUM" value="1"/>
        <Option Id="DISPLAY_HINT" value=""/>
        <Option Id="DISPLAY_RADIX" value="HEX"/>
        <Option Id="DISPLAY_VISIBILITY" value=""/>
        <Option Id="HW_ILA" value="hw_ila_1"/>
        <Option Id="LINK_TO_WAVEFORM" value="1"/>
        <Option Id="MAP" value="probe3[0]"/>
        <Option Id="NAME.CUSTOM" value=""/>
        <Option Id="NAME.SELECT" value="Long"/>
        <Option Id="SOURCE" value="netlist"/>
        <Option Id="TRIGGER_COMPARE_VALUE" value="eq1&apos;bX"/>
        <Option Id="WAVEFORM_STYLE" value="Digital"/>
      </probeOptions>
      <nets>
        <net name="server_i/microblaze_0_axi_periph_M02_AXI_BVALID"/>
      </nets>
    </probe>
    <probe type="ila" busType="bus" source="netlist" spec="ILA_V2_RT">
      <probeOptions Id="DebugProbeParams">
        <Option Id="CAPTURE_COMPARE_VALUE" value="eq32&apos;hXXXX_XXXX"/>
        <Option Id="COMPARE_VALUE.0" value="eq32&apos;hXXXX_XXXX"/>
        <Option Id="DISPLAY_AS_ENUM" value="1"/>
        <Option Id="DISPLAY_HINT" value=""/>
        <Option Id="DISPLAY_RADIX" value="BINARY"/>
        <Option Id="DISPLAY_VISIBILITY" value=""/>
        <Option Id="HW_ILA" value="hw_ila_1"/>
        <Option Id="LINK_TO_WAVEFORM" value="1"/>
        <Option Id="MAP" value="probe10[31:0]"/>
        <Option Id="NAME.CUSTOM" value=""/>
        <Option Id="NAME.SELECT" value="Long"/>
        <Option Id="SOURCE" value="netlist"/>
        <Option Id="TRIGGER_COMPARE_VALUE" value="eq32&apos;hXXXX_XXXX"/>
        <Option Id="WAVEFORM_STYLE" value="Digital"/>
      </probeOptions>
      <nets>
        <net name="server_i/microblaze_0_axi_periph_M02_AXI_RDATA[31]"/>
        <net name="server_i/microblaze_0_axi_periph_M02_AXI_RDATA[30]"/>
        <net name="server_i/microblaze_0_axi_periph_M02_AXI_RDATA[29]"/>
        <net name="server_i/microblaze_0_axi_periph_M02_AXI_RDATA[28]"/>
        <net name="server_i/microblaze_0_axi_periph_M02_AXI_RDATA[27]"/>
        <net name="server_i/microblaze_0_axi_periph_M02_AXI_RDATA[26]"/>
        <net name="server_i/microblaze_0_axi_periph_M02_AXI_RDATA[25]"/>
        <net name="server_i/microblaze_0_axi_periph_M02_AXI_RDATA[24]"/>
        <net name="server_i/microblaze_0_axi_periph_M02_AXI_RDATA[23]"/>
        <net name="server_i/microblaze_0_axi_periph_M02_AXI_RDATA[22]"/>
        <net name="server_i/microblaze_0_axi_periph_M02_AXI_RDATA[21]"/>
        <net name="server_i/microblaze_0_axi_periph_M02_AXI_RDATA[20]"/>
        <net name="server_i/microblaze_0_axi_periph_M02_AXI_RDATA[19]"/>
        <net name="server_i/microblaze_0_axi_periph_M02_AXI_RDATA[18]"/>
        <net name="server_i/microblaze_0_axi_periph_M02_AXI_RDATA[17]"/>
        <net name="server_i/microblaze_0_axi_periph_M02_AXI_RDATA[16]"/>
        <net name="server_i/microblaze_0_axi_periph_M02_AXI_RDATA[15]"/>
        <net name="server_i/microblaze_0_axi_periph_M02_AXI_RDATA[14]"/>
        <net name="server_i/microblaze_0_axi_periph_M02_AXI_RDATA[13]"/>
        <net name="server_i/microblaze_0_axi_periph_M02_AXI_RDATA[12]"/>
        <net name="server_i/microblaze_0_axi_periph_M02_AXI_RDATA[11]"/>
        <net name="server_i/microblaze_0_axi_periph_M02_AXI_RDATA[10]"/>
        <net name="server_i/microblaze_0_axi_periph_M02_AXI_RDATA[9]"/>
        <net name="server_i/microblaze_0_axi_periph_M02_AXI_RDATA[8]"/>
        <net name="server_i/microblaze_0_axi_periph_M02_AXI_RDATA[7]"/>
        <net name="server_i/microblaze_0_axi_periph_M02_AXI_RDATA[6]"/>
        <net name="server_i/microblaze_0_axi_periph_M02_AXI_RDATA[5]"/>
        <net name="server_i/microblaze_0_axi_periph_M02_AXI_RDATA[4]"/>
        <net name="server_i/microblaze_0_axi_periph_M02_AXI_RDATA[3]"/>
        <net name="server_i/microblaze_0_axi_periph_M02_AXI_RDATA[2]"/>
        <net name="server_i/microblaze_0_axi_periph_M02_AXI_RDATA[1]"/>
        <net name="server_i/microblaze_0_axi_periph_M02_AXI_RDATA[0]"/>
      </nets>
    </probe>
    <probe type="ila" busType="net" source="netlist" spec="ILA_V2_RT">
      <probeOptions Id="DebugProbeParams">
        <Option Id="CAPTURE_COMPARE_VALUE" value="eq1&apos;bX"/>
        <Option Id="COMPARE_VALUE.0" value="eq1&apos;b1"/>
        <Option Id="DISPLAY_AS_ENUM" value="1"/>
        <Option Id="DISPLAY_HINT" value=""/>
        <Option Id="DISPLAY_RADIX" value="HEX"/>
        <Option Id="DISPLAY_VISIBILITY" value=""/>
        <Option Id="HW_ILA" value="hw_ila_1"/>
        <Option Id="LINK_TO_WAVEFORM" value="1"/>
        <Option Id="MAP" value="probe6[0]"/>
        <Option Id="NAME.CUSTOM" value=""/>
        <Option Id="NAME.SELECT" value="Long"/>
        <Option Id="SOURCE" value="netlist"/>
        <Option Id="TRIGGER_COMPARE_VALUE" value="eq1&apos;b1"/>
        <Option Id="WAVEFORM_STYLE" value="Digital"/>
      </probeOptions>
      <nets>
        <net name="server_i/microblaze_0_axi_periph_M02_AXI_RREADY"/>
      </nets>
    </probe>
    <probe type="ila" busType="bus" source="netlist" spec="ILA_V2_RT">
      <probeOptions Id="DebugProbeParams">
        <Option Id="CAPTURE_COMPARE_VALUE" value="eq2&apos;hX"/>
        <Option Id="COMPARE_VALUE.0" value="eq2&apos;hX"/>
        <Option Id="DISPLAY_AS_ENUM" value="1"/>
        <Option Id="DISPLAY_HINT" value=""/>
        <Option Id="DISPLAY_RADIX" value="HEX"/>
        <Option Id="DISPLAY_VISIBILITY" value=""/>
        <Option Id="HW_ILA" value="hw_ila_1"/>
        <Option Id="LINK_TO_WAVEFORM" value="1"/>
        <Option Id="MAP" value="probe13[1:0]"/>
        <Option Id="NAME.CUSTOM" value=""/>
        <Option Id="NAME.SELECT" value="Long"/>
        <Option Id="SOURCE" value="netlist"/>
        <Option Id="TRIGGER_COMPARE_VALUE" value="eq2&apos;hX"/>
        <Option Id="WAVEFORM_STYLE" value="Digital"/>
      </probeOptions>
      <nets>
        <net name="server_i/microblaze_0_axi_periph_M02_AXI_RRESP[1]"/>
        <net name="server_i/microblaze_0_axi_periph_M02_AXI_RRESP[0]"/>
      </nets>
    </probe>
    <probe type="ila" busType="net" source="netlist" spec="ILA_V2_RT">
      <probeOptions Id="DebugProbeParams">
        <Option Id="CAPTURE_COMPARE_VALUE" value="eq1&apos;bX"/>
        <Option Id="COMPARE_VALUE.0" value="eq1&apos;b1"/>
        <Option Id="DISPLAY_AS_ENUM" value="1"/>
        <Option Id="DISPLAY_HINT" value=""/>
        <Option Id="DISPLAY_RADIX" value="HEX"/>
        <Option Id="DISPLAY_VISIBILITY" value=""/>
        <Option Id="HW_ILA" value="hw_ila_1"/>
        <Option Id="LINK_TO_WAVEFORM" value="1"/>
        <Option Id="MAP" value="probe16[0]"/>
        <Option Id="NAME.CUSTOM" value=""/>
        <Option Id="NAME.SELECT" value="Long"/>
        <Option Id="SOURCE" value="netlist"/>
        <Option Id="TRIGGER_COMPARE_VALUE" value="eq1&apos;b1"/>
        <Option Id="WAVEFORM_STYLE" value="Digital"/>
      </probeOptions>
      <nets>
        <net name="server_i/microblaze_0_axi_periph_M02_AXI_RVALID"/>
      </nets>
    </probe>
    <probe type="ila" busType="bus" source="netlist" spec="ILA_V2_RT">
      <probeOptions Id="DebugProbeParams">
        <Option Id="CAPTURE_COMPARE_VALUE" value="eq32&apos;hXXXX_XXXX"/>
        <Option Id="COMPARE_VALUE.0" value="eq32&apos;hXXXX_XXXX"/>
        <Option Id="DISPLAY_AS_ENUM" value="1"/>
        <Option Id="DISPLAY_HINT" value=""/>
        <Option Id="DISPLAY_RADIX" value="ASCII"/>
        <Option Id="DISPLAY_VISIBILITY" value=""/>
        <Option Id="HW_ILA" value="hw_ila_1"/>
        <Option Id="LINK_TO_WAVEFORM" value="1"/>
        <Option Id="MAP" value="probe14[31:0]"/>
        <Option Id="NAME.CUSTOM" value=""/>
        <Option Id="NAME.SELECT" value="Long"/>
        <Option Id="SOURCE" value="netlist"/>
        <Option Id="TRIGGER_COMPARE_VALUE" value="eq32&apos;hXXXX_XXXX"/>
        <Option Id="WAVEFORM_STYLE" value="Digital"/>
      </probeOptions>
      <nets>
        <net name="server_i/microblaze_0_axi_periph_M02_AXI_WDATA[31]"/>
        <net name="server_i/microblaze_0_axi_periph_M02_AXI_WDATA[30]"/>
        <net name="server_i/microblaze_0_axi_periph_M02_AXI_WDATA[29]"/>
        <net name="server_i/microblaze_0_axi_periph_M02_AXI_WDATA[28]"/>
        <net name="server_i/microblaze_0_axi_periph_M02_AXI_WDATA[27]"/>
        <net name="server_i/microblaze_0_axi_periph_M02_AXI_WDATA[26]"/>
        <net name="server_i/microblaze_0_axi_periph_M02_AXI_WDATA[25]"/>
        <net name="server_i/microblaze_0_axi_periph_M02_AXI_WDATA[24]"/>
        <net name="server_i/microblaze_0_axi_periph_M02_AXI_WDATA[23]"/>
        <net name="server_i/microblaze_0_axi_periph_M02_AXI_WDATA[22]"/>
        <net name="server_i/microblaze_0_axi_periph_M02_AXI_WDATA[21]"/>
        <net name="server_i/microblaze_0_axi_periph_M02_AXI_WDATA[20]"/>
        <net name="server_i/microblaze_0_axi_periph_M02_AXI_WDATA[19]"/>
        <net name="server_i/microblaze_0_axi_periph_M02_AXI_WDATA[18]"/>
        <net name="server_i/microblaze_0_axi_periph_M02_AXI_WDATA[17]"/>
        <net name="server_i/microblaze_0_axi_periph_M02_AXI_WDATA[16]"/>
        <net name="server_i/microblaze_0_axi_periph_M02_AXI_WDATA[15]"/>
        <net name="server_i/microblaze_0_axi_periph_M02_AXI_WDATA[14]"/>
        <net name="server_i/microblaze_0_axi_periph_M02_AXI_WDATA[13]"/>
        <net name="server_i/microblaze_0_axi_periph_M02_AXI_WDATA[12]"/>
        <net name="server_i/microblaze_0_axi_periph_M02_AXI_WDATA[11]"/>
        <net name="server_i/microblaze_0_axi_periph_M02_AXI_WDATA[10]"/>
        <net name="server_i/microblaze_0_axi_periph_M02_AXI_WDATA[9]"/>
        <net name="server_i/microblaze_0_axi_periph_M02_AXI_WDATA[8]"/>
        <net name="server_i/microblaze_0_axi_periph_M02_AXI_WDATA[7]"/>
        <net name="server_i/microblaze_0_axi_periph_M02_AXI_WDATA[6]"/>
        <net name="server_i/microblaze_0_axi_periph_M02_AXI_WDATA[5]"/>
        <net name="server_i/microblaze_0_axi_periph_M02_AXI_WDATA[4]"/>
        <net name="server_i/microblaze_0_axi_periph_M02_AXI_WDATA[3]"/>
        <net name="server_i/microblaze_0_axi_periph_M02_AXI_WDATA[2]"/>
        <net name="server_i/microblaze_0_axi_periph_M02_AXI_WDATA[1]"/>
        <net name="server_i/microblaze_0_axi_periph_M02_AXI_WDATA[0]"/>
      </nets>
    </probe>
    <probe type="ila" busType="net" source="netlist" spec="ILA_V2_RT">
      <probeOptions Id="DebugProbeParams">
        <Option Id="CAPTURE_COMPARE_VALUE" value="eq1&apos;bX"/>
        <Option Id="COMPARE_VALUE.0" value="eq1&apos;bX"/>
        <Option Id="DISPLAY_AS_ENUM" value="1"/>
        <Option Id="DISPLAY_HINT" value=""/>
        <Option Id="DISPLAY_RADIX" value="HEX"/>
        <Option Id="DISPLAY_VISIBILITY" value=""/>
        <Option Id="HW_ILA" value="hw_ila_1"/>
        <Option Id="LINK_TO_WAVEFORM" value="1"/>
        <Option Id="MAP" value="probe0[0]"/>
        <Option Id="NAME.CUSTOM" value=""/>
        <Option Id="NAME.SELECT" value="Long"/>
        <Option Id="SOURCE" value="netlist"/>
        <Option Id="TRIGGER_COMPARE_VALUE" value="eq1&apos;bX"/>
        <Option Id="WAVEFORM_STYLE" value="Digital"/>
      </probeOptions>
      <nets>
        <net name="server_i/microblaze_0_axi_periph_M02_AXI_WREADY"/>
      </nets>
    </probe>
    <probe type="ila" busType="bus" source="netlist" spec="ILA_V2_RT">
      <probeOptions Id="DebugProbeParams">
        <Option Id="CAPTURE_COMPARE_VALUE" value="eq4&apos;hX"/>
        <Option Id="COMPARE_VALUE.0" value="eq4&apos;hX"/>
        <Option Id="DISPLAY_AS_ENUM" value="1"/>
        <Option Id="DISPLAY_HINT" value=""/>
        <Option Id="DISPLAY_RADIX" value="HEX"/>
        <Option Id="DISPLAY_VISIBILITY" value=""/>
        <Option Id="HW_ILA" value="hw_ila_1"/>
        <Option Id="LINK_TO_WAVEFORM" value="1"/>
        <Option Id="MAP" value="probe15[3:0]"/>
        <Option Id="NAME.CUSTOM" value=""/>
        <Option Id="NAME.SELECT" value="Long"/>
        <Option Id="SOURCE" value="netlist"/>
        <Option Id="TRIGGER_COMPARE_VALUE" value="eq4&apos;hX"/>
        <Option Id="WAVEFORM_STYLE" value="Digital"/>
      </probeOptions>
      <nets>
        <net name="server_i/microblaze_0_axi_periph_M02_AXI_WSTRB[3]"/>
        <net name="server_i/microblaze_0_axi_periph_M02_AXI_WSTRB[2]"/>
        <net name="server_i/microblaze_0_axi_periph_M02_AXI_WSTRB[1]"/>
        <net name="server_i/microblaze_0_axi_periph_M02_AXI_WSTRB[0]"/>
      </nets>
    </probe>
    <probe type="ila" busType="net" source="netlist" spec="ILA_V2_RT">
      <probeOptions Id="DebugProbeParams">
        <Option Id="CAPTURE_COMPARE_VALUE" value="eq1&apos;bX"/>
        <Option Id="COMPARE_VALUE.0" value="eq1&apos;bX"/>
        <Option Id="DISPLAY_AS_ENUM" value="1"/>
        <Option Id="DISPLAY_HINT" value=""/>
        <Option Id="DISPLAY_RADIX" value="HEX"/>
        <Option Id="DISPLAY_VISIBILITY" value=""/>
        <Option Id="HW_ILA" value="hw_ila_1"/>
        <Option Id="LINK_TO_WAVEFORM" value="1"/>
        <Option Id="MAP" value="probe7[0]"/>
        <Option Id="NAME.CUSTOM" value=""/>
        <Option Id="NAME.SELECT" value="Long"/>
        <Option Id="SOURCE" value="netlist"/>
        <Option Id="TRIGGER_COMPARE_VALUE" value="eq1&apos;bX"/>
        <Option Id="WAVEFORM_STYLE" value="Digital"/>
      </probeOptions>
      <nets>
        <net name="server_i/microblaze_0_axi_periph_M02_AXI_WVALID"/>
      </nets>
    </probe>
  </probeset>
</hwsession>
